1,http://imgur.com/4CQ7g2K.jpg,0
2,http://imgur.com/mF4Cgo4.jpg,0
3,http://imgur.com/YdUvIJP.jpg,0
4,http://imgur.com/DI8NNvZ.jpg,0
5,http://imgur.com/aozWtce.jpg,0
6,http://imgur.com/02erQws.jpg,0
7,http://imgur.com/NllcIso.jpg,0
8,http://imgur.com/ElIIOP4.jpg,0
9,http://imgur.com/ZAfBNDi.jpg,0
10,http://imgur.com/ldybVNW.jpg,0
11,http://imgur.com/qNOINfx.jpg,0
12,http://imgur.com/ymGSJAz.jpg,0
13,http://imgur.com/SDgeaYL.jpg,0
14,http://imgur.com/cym6Rvu.jpg,0
15,http://imgur.com/X9vFrfr.jpg,0
16,http://imgur.com/QFIrdUe.jpg,0
17,http://imgur.com/8T7wbZp.jpg,0
18,http://imgur.com/wS5Apyt.jpg,0
19,http://imgur.com/uN2kovf.jpg,0
20,http://imgur.com/Hl8bRN2.jpg,0
21,http://imgur.com/pP1gJpb.jpg,0
22,http://imgur.com/wDHpvSX.jpg,0
23,http://imgur.com/LVL3Wt6.jpg,0
24,http://imgur.com/2Qz9DrL.jpg,0
25,http://imgur.com/XNge8LI.jpg,0
26,http://imgur.com/XtsytgE.jpg,0
27,http://imgur.com/6Qynzdh.jpg,0
28,http://imgur.com/iFfJ22V.jpg,0
29,http://imgur.com/9dGFN2g.jpg,0
30,http://imgur.com/tprxLnY.jpg,0
31,http://imgur.com/iPMgDQY.jpg,0
32,http://imgur.com/mKp2rhX.jpg,0
33,http://i.imgur.com/O6XMAeC.jpg,0
34,http://i.imgur.com/VTWZPu5.jpg,0
35,http://i.imgur.com/fi93Fb3.jpg,0
36,http://i.imgur.com/fi93Fb3.jpg,0
37,http://i.imgur.com/NQRPN14.jpg,0
38,http://i.imgur.com/bte2uAi.jpg,0
39,http://i.imgur.com/nxfRZV3.jpg,0
40,http://i.imgur.com/6YBFruS.jpg,0
41,http://i.imgur.com/gVB7Ecc.jpg,0
42,http://i.imgur.com/0SsQubn.jpg,0
43,http://i.imgur.com/vxQExOL.jpg,0
44,http://i.imgur.com/hYgcgvB.jpg,0
45,http://i.imgur.com/dlLvf8l.jpg,0
46,http://i.imgur.com/2YCNEo3.jpg,0
47,http://i.imgur.com/usajDV0.jpg,0
48,http://i.imgur.com/JKqyggk.jpg,0
49,http://i.imgur.com/2WFuw5Q.jpg,0
50,http://i.imgur.com/lk8MQk1.jpg,0
